date,location,url,rsvp,badge,spotlight,sponsor,sponsor_url
2026-09-01,Hop Social - Chandler,https://maps.app.goo.gl/6j7rL5CXo5TtvtP29,,,,,
2026-09-08,Hundred Mile Brewing Co.,https://maps.app.goo.gl/D1AdxXRcDMn7JcY37,,,,,
2026-09-15,Ocotillo Phoenix,https://maps.app.goo.gl/bUVqt56rm1ufVsKL8,,,,,
2026-09-22,Blanco Scottsdale,https://share.google/lDKyDoazZRwHn3hGc,,,New Location,,
2026-09-29,Hop Social - Chandler,https://maps.app.goo.gl/6j7rL5CXo5TtvtP29,,Swag,Grab your own piece of fiber! Coolest tech swag!,Light Source Communications,https://lscfiber.com/
2026-10-06,Hundred Mile Brewing Co.,https://maps.app.goo.gl/D1AdxXRcDMn7JcY37,,,,,
2026-10-13,TBA - Phoenix,,,,,,
2026-10-20,TBA - Scottsdale,,,,,,
2026-10-27,TBA - Chandler,https://maps.app.goo.gl/6j7rL5CXo5TtvtP29,,Swag,Robot is Back with Halloween Sketches - Get One!,XYZ Galaxy,https://xyzgalaxy.com
2026-11-03,TBA - Tempe,,,,,,
2026-11-10,TBA - Phoenix,,,,,,
2026-11-17,TBA - Scottsdale,,,,,,
2026-11-24,TBA - Chandler,,,,,,
2026-12-01,TBA - Tempe,,,,,,
2026-12-08,TBA - Phoenix,,,Swag,Lukky Sacks for Lukky's Birthday - Claim Yours!,Tonia AI,https://tonia.ai
2026-12-15,TBA - Scottsdale,,,,,,
2026-12-22,TBA - Chandler,,,,,,
2026-12-29,TBA - Tempe,,,,,,